{"MFR": "Fluke",
 "MODEL": "5628",
 "SN": "2011",
 "EXP_DATE": {"YEAR": 2025, "MONTH": 1, "DAY": 1},
 "COEF": {"TYPE":"ITS90",
         "RTPW": 25.49449,
         "a4": 5.302158e-05,
         "b4": 2.200709e-07,
         "a7": -1.052826e-05,
         "b7": 4.104768e-05,
         "c7": -2.272356e-05
        }
}
