{"MFR": "Fluke", "MODEL": "162N100A", "SN": "2140/1403", "EXP_DATE": {"MONTH": 11, "DAY": 11, "YEAR": 2024}, "COEF": {"TYPE": "ITS90", "RTPW": 99.877, "a4": -8.552e-05, "b4": 3.880528e-04, "a7": -6.407e-05, "b7": -7.214801e-05, "c7": 0.0}}