{"MFR": "Fluke",
 "MODEL": "162CE",
 "SN": "3075/1402",
 "EXP_DATE": {"MONTH": 11, "DAY": 22, "YEAR": 2022},
 "COEF": {"TYPE": "ITS90",
          "RTPW": 25.56923,
          "a4": -1.37569197e-04,
          "b4": 8.42825224e-6,
          "a7": -1.43868949e-04,
          "b7": -3.61848479e-05,
          "c7": 1.08233591e-05
         }
}
