{"MFR": "Rosemount", "MODEL": "162CE", "SN": "1666", "EXP_DATE": {"YEAR": 2025, "MONTH": 2, "DAY": 10}, "COEF": {"TYPE": "ITS90", "RTPW": 25.60376, "a4": -1.03365082e-4, "b4": -5.81762439e-6, "a7": -9.48187167e-5, "b7": -2.72062893e-5, "c7": 6.57050500e-6}}